19WFJU7aOpej2D0tTc0dK-TFomSA6fdWR	IMG_2082.HEIC
1_CvAHc9XaQhEIupTHo_qpm66HaR3Y7Kw	IMG_2073.HEIC
1HtHvM0SkfQ9a9DHV6tHcs_mO9j-V2yXn	IMG_2079.HEIC
16CPYyO21nGjRAIL4AEfsjTfTc4wdTW6y	IMG_2075.HEIC
1aOjAdYuZTU2FZKPrxv_uqxjV97N49XPM	IMG_2076.HEIC
18DA-j4I-0DWWjCDznvsTZK8BZTnAMTUT	IMG_2083.HEIC
1P596JRMPfiBVq7lC3UgYHT0TrvA1oO48	IMG_2089.HEIC
1kt0eL_SalXYpCA94GDHeaEIQwtZk8D4T	IMG_2038.HEIC
1IWQJrWrOTdobqFOzs3jFzrfkKPFi__CR	IMG_2091.HEIC
15mwwL_et-ycL1VcHL0u3c0bOMuh4PmDk	IMG_2080.HEIC
1XHZVs1Jd19FKz6es1ivuG2ucM6bFtB9C	IMG_2090.HEIC
1RW9ZUz1G2Hv2t-yFNIza8t_sm4ubjnZ8	IMG_2092.HEIC
1XkQH_6jKDdoDW3beAJI_kdQX_YRzyrC0	IMG_2074.HEIC
1qjKi3RUN5KFQ52H6xBoPL08jkiob_huH	IMG_2056.HEIC
1MR2hvGH9pRuCVlRxKe2-JaANNlnKnnYB	IMG_2030.HEIC
1ETE0wTkbsPCqtqVufyCRz0jprpzcIaJG	IMG_2098.HEIC
1TysJwBIgRO0OZOtAVR5gAP-2YT7-ThL8	IMG_2093.HEIC
1Qacs7E9UNWWGI-blicn5p8dnUNru6vUn	IMG_2043.HEIC
1RO9GzDRwcrC1FOLQnuKjhLUbd8Hvs4C4	IMG_2086.HEIC
1WiqA51MgJfev5-KaCSLXSzrhTzmkbPAK	IMG_2040.HEIC
1LACKZgfrkZvcdXsiGo62tdSu09KKZK3f	IMG_2032.HEIC
14F4Z7XWKyyISilFpRjuzI94bBshzxD9A	IMG_2055.HEIC
1AZZR0OyzR7cZRlTxaDywwDOOLtBdU6lM	IMG_2054.HEIC
1Jb6NbPx6gFhAFEgW6x8gXXCSRX5SfzA_	IMG_2057.HEIC
1-V8A3gSpXY4FVwVuDi4wkddgF64UyFlM	IMG_2042.HEIC
1hbJWkmR34Vnn9GhNpfkjSj13g4y704sj	IMG_2101.HEIC
1apqIXbDP4pZT0mUCoYw39NVb3nxtmdgt	IMG_2062.HEIC
1mr_1fPv97_LhhIQ1M_8CF811RelZamCF	IMG_2113.HEIC
1YzEM9vl9LG3-LB1hbDKNrr99ozoqs1xO	IMG_2036.HEIC
1Qh2wXGPN6VXDb_oOx8aeaXWTFeMLzmBk	IMG_2053.HEIC
1oEb6p_Yoy8vMrbr_X77dWpS7ftD5czML	IMG_2031.HEIC
12HajKSbhQGWO0gKm9n-0xR8yquJXinFF	IMG_2058.HEIC
1v6RPttLghpxhtehPx9bIUWSx19OdCYU5	IMG_2037.HEIC
1BCA9dPEreibdIBcg7-Sfq-xlyV7fIatF	IMG_2033.HEIC
1whZN-IaH6_0AfiWPLnPaAgdjdj5i5Uky	IMG_2110.HEIC
1m6c9eq4Ybb6KT7vZJgKiLgIoaeR77a_M	IMG_2088.HEIC
1__BD94ioQWe3Ql5vo4iqKHxvjtgVPbz2	IMG_2077.HEIC
1w6bNXj-wISGUs2JONXGJQclApnqzrdTG	IMG_2047.HEIC
1K-bK_CESuO36_M6pi9R26mMSzp8z_l6J	IMG_2044.HEIC
1Cr4ibCFu557AzU2Cu6jj37J_z5LZHevL	IMG_2045.HEIC
11wwByZIhq4gzdo-ITPT2ZKq7u3PytTj0	IMG_2048.HEIC
1UlIaZnjGX__Doc-MBfPw9vEedXA4KcSr	IMG_2102.HEIC
1Fhtk1vpfDm3QRpQQ2F9nf9GUkU613tWk	IMG_2046.HEIC
19QuWwvtVOyHntkH0HGsJFKfsAP5x3QCi	IMG_2095.HEIC
1h6kIPglO8CqjBLDn6NsuKD_SLSZKjG4A	IMG_2049.HEIC
1i_68glLPE4XKuxpEz-9DBQVJuTAT1UsX	IMG_2063.HEIC
1jhgT5hYCNrEpSHrxIKSkCMuqeVxp_Ctg	IMG_2050.HEIC
1lnGn3YRoD486BlcCFQ3ThlkD6ZqhBrJd	IMG_2103.HEIC
1fCfQAuIy6ntaTLhOruqlkTAyfQ-_ByvT	IMG_2024.HEIC
10SpoRjtLMm5-rqWc_5IhJv1eUccragy6	IMG_2025.HEIC
1Da7ltnBIZ5RzoMighUTx_HYCBLhRq0ux	IMG_2051.HEIC
1TZW52ENCtPd0N8Ru8twNy65ZE1rUEeXs	IMG_2107.HEIC
1jCc0JvHty49DTXFFWpcGtllgy4N8ew1x	IMG_2041.HEIC
1EK_pKrVgEOmZh5RPJNwxJynh1Ies0UrQ	IMG_2108.HEIC
1E4HKckW3PGGfF8GKw_u90xDmoSf48fGF	IMG_2023.HEIC
1MbCIJtWdEm9qECpAjz8HhjR_qW4p3NoX	IMG_2026.HEIC
127n1_IwlLIZqNtwwJ8xKtAQXC9e_TEyJ	IMG_2029.HEIC
1hQ9n7ZB0FM0mpye_WQ-XkVOOr8DZQwYA	IMG_2078.HEIC
1Zb7k0Rr5r5mZqWblJHsVkQvOt3eY4H3m	IMG_2111.HEIC
1cFdrG_g73GoHjznKUxAjC9nnt3rEa42W	IMG_2052.HEIC
1oWG9Gl-vMt2fPlRJ1X45M14_zVEhRtEf	IMG_2106.HEIC
1WP6WHckqqNu0XRkcpQVHB7UmpiDlWSf_	IMG_2104.HEIC
1dq07nB28i24MkF-Ld15ItSra7DQnf66E	IMG_2061.HEIC
1LVuBwFu-KMsFTD55BdYE7RUkkdxiFTyH	IMG_2105.HEIC
1fm05wxWSuOouLYK1t9CepVxZ0Zz84FFe	IMG_2060.HEIC
